¿ Cuáles son los requisitos para ser auditor?,licenciamiento_evaluador_como-ser
¿A dónde puedo ir a preguntar por la licencia de la marca país esencial costa rica?,licenciamiento_licenciarse_pasos-y-quien
¿A nombre de quién está registrada la marca?,organización_generales_dueño
¿A qué actividades debe estar relacionada la empresa para optar por la marca país?,licenciamiento_generales_para-quien
¿A qué correo puedo escribir para obtener una licencia?,licenciamiento_licenciarse_quienes-evaluan
¿A quién le puedo pedir más información?,general_información_contactos
¿A quién le toca promover la marca?,organización_comiteMP_funciones
¿A quién me dirijo para platear un proyecto?,organización_comiteMP_funciones
¿A Quién puedo contactar para que me de infomación sobre licenciamiento?,licenciamiento_licenciarse_quienes-evaluan
¿A quién tengo que pedirle permiso para usar la marca?,organización_administradores_funciones
¿Aparte del evaluador la licencia tiene un costo?,licenciamiento_licenciarse_costo
¿Cada cuánto debo  pagar el  licenciamiento?,licenciamiento_licenciarse_costo
¿Cómo definen excelencia en marca país?,licenciamiento_generales_que-es-excelencia
¿Cómo definen origen costarricense en marca país?,licenciamiento_generales_que-es-origen
¿Cómo definen progreso social en marca país?,licenciamiento_generales_que-es-progresosocial
¿Cómo definen sostenibilidad en marca país?,licenciamiento_generales_que-es-sostenibilidad
¿Cómo encuentro a un evaluador?,licenciamiento_licenciarse_quienes-evaluan
¿Cómo está integrado el comité de marca país Esencial Costa Rica?,organización_comiteMP_quienes
¿Cómo está organizada la marca país Esencial Costa Rica?,organización_generales_estructura
¿Cómo Está organizada?,organización_generales_estructura
¿Cómo licenciarse como auditor?,licenciamiento_evaluador_como-ser
¿Cómo licencio un evento?,licenciamiento_licenciarse_licenciar-evento
¿Cómo me beneficia (a mi empresa) la Marca país?,licenciamiento_objetivo_beneficios
¿Cómo me mejora la marca país?,licenciamiento_objetivo_beneficios
¿Cómo me puedo evaluar?,licenciamiento_licenciarse_pasos-y-quien
¿Cómo obtengo la marca país?,licenciamiento_licenciarse_pasos-y-quien
¿Cómo puedo acercarme a la marca país?,general_información_contactos
¿Cómo puedo apoyar el Proyecto?,general_información_varios
¿Cómo puedo sacarle provecho a la marca país?,licenciamiento_objetivo_usos
¿Cómo puedo ser parte de la marca país?,general_información_varios
¿Cómo puedo tener más información?,general_información_contactos
¿Cómo puedo usar la marca país?,licenciamiento_licenciarse_tipos
¿Cómo se definen las tácticas?,organización_generales_estructura
¿Cómo se definen los procedimientos?,organización_comiteTecnico_funciones
¿Cómo se financia la marca país Esencial Costa Rica?,organización_generales_presupuesto
¿Cómo se licencia un evento?,licenciamiento_licenciarse_licenciar-evento
¿Cómo se puede utilizar la marca?,licenciamiento_licenciarse_tipos
¿cómo se renueva el licenciamiento?,licenciamiento_licenciarse_duracion-proceso
¿Cómo se si puedo acceder a la marca país?,general_información_contactos
¿Cómo se toman las decisiones?,organización_generales_estructura
¿Cómo ser evaluador?,licenciamiento_evaluador_como-ser
¿Con quién debo hablar para hacer una alianza?,organización_comiteMP_funciones
¿Con Quién me puedo asesorar sobre el tema de evaluación y licenciamiento?,licenciamiento_licenciarse_quienes-evaluan
¿Con quién puedo contactarme?,general_información_contactos
¿Con Quién puedo hablar para licenciarme marca país?,licenciamiento_licenciarse_pasos-y-quien
¿Con quién puedo hablar?,general_información_contactos
¿Con quién puedo hacer alianzas?,organización_comiteMP_funciones
¿Con quién tengo que hablar para usar la marca?,organización_administradores_funciones
¿Cuál es el contacto para evaluarme?,licenciamiento_licenciarse_quienes-evaluan
¿Cuál es el costo del licenciamiento?,licenciamiento_licenciarse_costo
¿Cuál es el monto de inversión?,licenciamiento_licenciarse_costo
¿Cuál es el objetivo de que mi empresa tenga marca país?,licenciamiento_objetivo_usos
¿Cuál es el objetivo de usar la marca país en mi empresa?,licenciamiento_objetivo_beneficios
¿Cuál es el presupuesto de la marca país Esencial Costa Rica?,organización_generales_presupuesto
¿Cuál es el procedimiento para un evento?,licenciamiento_licenciarse_licenciar-evento
¿Cuál es el proceso para ser evaluador?,licenciamiento_evaluador_como-ser
¿Cuál es el propósito del licenciamiento?,licenciamiento_objetivo_por-que
¿Cuál es el trámite para tener la marca país?,licenciamiento_licenciarse_requisitos
¿Cuál es el trámite para utilizar la marca país en un congreso?,licenciamiento_licenciarse_licenciar-evento
¿Cuál es la diferencia con una certificación?,licenciamiento_generales_vs-certificacion
¿Cuál es la duración del proceso de certificación?,licenciamiento_licenciarse_duracion-proceso
¿Cuál es la regulación relacionada a la marca país Esencial Costa Rica?,organización_generales_legal
¿Cuál es la utilidad de tener la marca país?,licenciamiento_objetivo_beneficios
¿Cuál es la vigencia de la certificación?,licenciamiento_generales_vigencia
¿Cuál es la vigencia de la licencia?,licenciamiento_generales_vigencia
¿Cuál es procedimiento para certificarme?,licenciamiento_licenciarse_pasos-y-quien
¿Cuál es propósito de obtener licenciarme?,licenciamiento_objetivo_usos
¿Cuál tipo de empresas, son las que pueden optar por un licenciamiento?
¿Cuáles elementos de la empresa revisan?,licenciamiento_licenciarse_que-se-evalua
¿Cuáles empresas la tienen?,licenciamiento_empresasactuales_cuales-hay
¿Cuáles empresas no pueden tener la marca país?,licenciamiento_generales_restricciones
¿Cuáles empresas ya son marca país Esencial Costa Rica?,licenciamiento_empresasactuales_cuales-hay
¿Cuáles instituciones entregan la marca?,organización_administradores_funciones
¿Cuáles Instituciones integran el comité de marca país Esencial Costa Rica?,organización_generales_estructura
¿Cuáles productos tienen la marca país?,licenciamiento_empresasactuales_cuales-hay
¿Cuáles son las áreas de la marca país Esencial Costa Rica?,organización_uso_sectores
¿Cuáles son las áreas que se evalúan?,licenciamiento_licenciarse_que-se-evalua
¿Cuáles son las funciones de la unidad técnica de marca país Esencial Costa Rica?,organización_comiteTecnico_funciones
¿Cuáles son las funciones de las instituciones que conforman el comité de marca país?,organización_generales_contactos
¿Cuáles son las funciones de las organizaciones que conforman el comité de marca país?,organización_generales_contactos
¿Cuáles son las funciones de las organizaciones que dirigen el comité de marca país?,organización_generales_contactos
¿Cuáles son las funciones de las organizaciones que están en el comité de marca país?,organización_generales_contactos
¿Cuáles son las funciones de las organizaciones que integran el comité de marca país?,organización_generales_contactos
¿Cuáles son las funciones de quienes conforman el comité de marca país Esencial Costa Rica?,organización_comiteMP_quienes
¿Cuáles son las funciones de quienes integran el comité de marca país Esencial Costa Rica?,organización_comiteMP_quienes
¿Cuáles son las funciones del comité de marca país Esencial Costa Rica?,organización_comiteMP_funciones
¿Cuáles son las funciones del ICT y Procomer?,organización_administradores_funciones
¿Cuáles son las responsabilidades de las instituciones que conforman el comité de marca país?,organización_generales_contactos
¿Cuáles son las unidades ejecutoras?,organización_administradores_funciones
¿Cuáles son los beneficios de tener la marca país?,licenciamiento_objetivo_beneficios
¿Cuáles son los beneficios? ,licenciamiento_objetivo_beneficios
¿Cuáles son los contactos en las instituciones?,organización_generales_contactos
¿Cuáles son los Decretos y aspectos legales de la marca país?,organización_generales_legal
¿Cuáles son los pasos para licenciarme?,licenciamiento_licenciarse_pasos-y-quien
¿Cuáles son los requisitos básicos para usar la marca país?,licenciamiento_licenciarse_requisitos
¿Cuáles son los requisitos para obtener la marca país?,licenciamiento_licenciarse_requisitos
¿Cuáles son los requisitos para ser evaluador?,licenciamiento_evaluador_como-ser
¿Cuáles son los requisitos para tener la licencia?,licenciamiento_licenciarse_pasos-y-quien
¿Cuáles son los requisitos para usar la marca país Esencial Costa Rica en un evento?,licenciamiento_licenciarse_licenciar-evento
¿Cuáles son los requisitos?,licenciamiento_licenciarse_requisitos
¿Cuáles son los Roles por institución?,organización_generales_contactos
¿Cuáles son los sectores? ,organización_uso_sectores
¿Cuáles son los tipos de licencias que existen?,licenciamiento_licenciarse_tipos
¿Cuáles son los usos de MP?,licenciamiento_objetivo_usos
¿Cuáles son los usos permitidos de la marca?,licenciamiento_licenciarse_tipos
¿Cualquier persona puede usarla?,licenciamiento_licenciarse_persona-fisica
¿Cuantas empresas Están certificadas?,licenciamiento_empresasactuales_cuales-hay
¿Cuantas empresas están licenciadas con la marca país esencial Costa Rica?,licenciamiento_empresasactuales_cuales-hay
¿Cuánto cobra PROCOMER?,licenciamiento_licenciarse_costo
¿Cuánto cuesta la marca país esencial COSTA RICA?,licenciamiento_licenciarse_costo
¿Cuánto cuesta?,licenciamiento_licenciarse_costo
¿Cuánto debo gastar en la marca país?,licenciamiento_licenciarse_costo
¿Cuánto debo invertir para tener la marca?,licenciamiento_licenciarse_costo
¿Cuánto dura el proceso de licenciamiento?,licenciamiento_licenciarse_duracion-proceso
¿Cuánto dura el proceso?,licenciamiento_licenciarse_duracion-proceso
¿Cuánto dura la licencia?,licenciamiento_generales_vigencia
¿Cuánto durar¿ la marca país Esencial Costa Rica?,organización_generales_registro
¿Cuánto durará la marca país Esencial Costa Rica?,organización_generales_politica
¿Cuánto me cuesta esencial COSTA RICA?,licenciamiento_licenciarse_costo
¿Cuánto me puedo tomar de tiempo para obtenerla?,licenciamiento_licenciarse_duracion-proceso
¿Cuánto tarda el auditor?,licenciamiento_licenciarse_duracion-proceso
¿Cuánto tarda el proceso de evaluación de marca país?,licenciamiento_licenciarse_duracion-proceso
¿Cuánto tarda el tr¿mite?,licenciamiento_licenciarse_duracion-proceso
¿Cuánto tarda el trámite?,licenciamiento_licenciarse_duracion-proceso
¿Cuánto tengo que esperar para obtener la marca país?,licenciamiento_licenciarse_duracion-proceso
¿Cuánto tiempo dura el evaluador en mi empresa?,licenciamiento_licenciarse_duracion-proceso
¿Cuánto tiempo puedo usarla?,licenciamiento_generales_vigencia
¿Cuánto vale?,licenciamiento_licenciarse_costo
¿Cuantos evaluadores hay?,licenciamiento_licenciarse_quienes-evaluan
¿Cuél es el contacto para evaluarme?,licenciamiento_licenciarse_quienes-evaluan
¿Cuél es el monto de inversión?,licenciamiento_licenciarse_costo
¿Cuél es el objetivo de que mi empresa tenga marca país?,licenciamiento_objetivo_usos
¿Cuél es el objetivo de usar la marca país en mi empresa?,licenciamiento_objetivo_beneficios
¿Cuél es el procedimiento para un evento?,licenciamiento_licenciarse_licenciar-evento
¿Cuél es el proceso para ser evaluador?,licenciamiento_evaluador_como-ser
¿Cuél es el propósito del licenciamiento?,licenciamiento_objetivo_por-que
¿Cuél es el tr¿mite para tener la marca país?,licenciamiento_licenciarse_requisitos
¿Cuél es el tr¿mite para utilizar la marca país en un congreso?,licenciamiento_licenciarse_licenciar-evento
¿Cuél es la diferencia con una certificación?,licenciamiento_generales_vs-certificacion
¿Cuél es la duración del proceso de certificación?,licenciamiento_licenciarse_duracion-proceso
¿Cuél es la inversión?,licenciamiento_licenciarse_costo
¿Cuél es la utilidad de tener la marca país?,licenciamiento_objetivo_beneficios
¿Cuél es la vigencia de la certificación?,licenciamiento_generales_vigencia
¿Cuél es la vigencia de la licencia?,licenciamiento_generales_vigencia
¿Cuél es procedimiento para certificarme?,licenciamiento_licenciarse_pasos-y-quien
¿Cuél es propósito de obtener licenciarme?,licenciamiento_objetivo_usos
¿Cuéles elementos de la empresa revisan?,licenciamiento_licenciarse_que-se-evalua
¿Cuéles empresas la tienen?,licenciamiento_empresasactuales_cuales-hay
¿Cuéles empresas no pueden tener la marca país?,licenciamiento_generales_restricciones
¿Cuéles empresas ya son marca país Esencial Costa Rica?,licenciamiento_empresasactuales_cuales-hay
¿Cuéles productos tienen la marca país?,licenciamiento_empresasactuales_cuales-hay
¿Cuéles son las funciones de la unidad técnica de marca país Esencial Costa Rica?,organización_comiteTecnico_funciones
¿Cuéles son las funciones de las instituciones que conforman el comité de marca país?,organización_administradores_funciones
¿Cuéles son las funciones de las organizaciones que conforman el comité de marca país?,organización_administradores_funciones
¿Cuéles son las funciones de las organizaciones que dirigen el comité de marca país?,organización_comiteMP_quienes
¿Cuéles son las funciones de las organizaciones que Están en el comité de marca país?,organización_comiteMP_quienes
¿Cuéles son las funciones de las organizaciones que integran el comité de marca país?,organización_comiteMP_quienes
¿Cuéles son las funciones de quienes conforman el comité de marca país Esencial Costa Rica?,organización_comiteMP_quienes
¿Cuéles son las funciones de quienes integran el comité de marca país Esencial Costa Rica?,organización_comiteMP_quienes
¿Cuéles son las funciones del comité de marca país Esencial Costa Rica?,organización_comiteMP_funciones
¿Cuéles son las funciones del ICT y Procomer?,organización_comiteMP_quienes
¿Cuéles son las óreas que se evalúan?,licenciamiento_licenciarse_que-se-evalua
¿Cuéles son las responsabilidades de las instituciones que conforman el comité de marca país?,organización_comiteMP_quienes
¿Cuéles son las unidades ejecutoras?,organización_administradores_funciones
¿Cuéles son los beneficios de tener la marca país?,licenciamiento_objetivo_beneficios
¿Cuéles son los beneficios? ,licenciamiento_objetivo_beneficios
¿Cuéles son los contactos en las instituciones?,organización_generales_contactos
¿Cuéles son los Decretos y aspectos legales de la marca país?,organización_generales_legal
¿Cuéles son los pasos para licenciarme?,licenciamiento_licenciarse_pasos-y-quien
¿Cuéles son los requisitos b¿sicos para usar la marca país?,licenciamiento_licenciarse_requisitos
¿Cuéles son los requisitos para obtener la marca país?,licenciamiento_licenciarse_requisitos
¿Cuéles son los requisitos para ser evaluador?,licenciamiento_evaluador_como-ser
¿Cuéles son los requisitos para tener la licencia?,licenciamiento_licenciarse_pasos-y-quien
¿Cuéles son los requisitos para usar la marca país Esencial Costa Rica en un evento?,licenciamiento_licenciarse_licenciar-evento
¿Cuéles son los requisitos?,licenciamiento_licenciarse_requisitos
¿Cuéles son los Roles por institución?,organización_administradores_funciones
¿Cuéles son los sectores? ,organización_uso_sectores
¿Cuéles son los tipos de licencias que existen?,licenciamiento_licenciarse_tipos
¿Cuéles son los usos de MP?,licenciamiento_objetivo_usos
¿Cuéles son los usos permitidos de la marca?,licenciamiento_licenciarse_tipos
¿De dónde sale el presupuesto?,organización_generales_presupuesto
¿Deseo adquirir la licencia?,licenciamiento_licenciarse_pasos-y-quien
¿Deseo licenciarme,licenciamiento_licenciarse_quienes-evaluan
¿Deseo tener la licencia?,licenciamiento_licenciarse_pasos-y-quien
¿Dónde pido la marca país esencial Costa Rica?,licenciamiento_licenciarse_pasos-y-quien
¿Dónde puede obtener el permiso para usar la marca país?,licenciamiento_licenciarse_pasos-y-quien
¿Dónde puedo encontrar un evaluador?,licenciamiento_licenciarse_quienes-evaluan
¿Dónde puedo ver a quienes ya tienen la marca país?,licenciamiento_empresasactuales_cuales-hay
¿En qué me mejora la marca país?,licenciamiento_objetivo_beneficios
¿En qué puedo aplicar la marca país?,licenciamiento_licenciarse_tipos
¿En que se fijan en la evaluación?,licenciamiento_licenciarse_que-se-evalua
¿Es del gobierno?,organización_generales_politica
¿Es diferente a una certificación?,licenciamiento_generales_vs-certificacion
¿Es permitido utilizar la marca para uso comercial?,licenciamiento_licenciarse_tipos
¿Es posible colaborar con la marca país?,general_información_varios
¿Es posible usar la marca en mi página web?,licenciamiento_licenciarse_tipos
¿Es posible usar la marca en mi pógina web?,licenciamiento_licenciarse_tipos
¿Es solo para empresas exportadoras?,licenciamiento_generales_para-quien
¿Es solo para empresas grandes? ,licenciamiento_generales_para-quien
¿Es solo para turismo?,licenciamiento_generales_para-quien
¿Es una certificación?,licenciamiento_generales_vs-certificacion
¿Es una marca política? ,organización_generales_politica
¿Está declarada de interés público?,organización_generales_legal
¿Hay algún decreto?,organización_generales_legal
¿Hay alguna institución que ofrezca la marca país?,licenciamiento_licenciarse_pasos-y-quien
¿Hay alguna normativa relacionada a la marca país Esencial Costa Rica?,organización_generales_legal
¿Hay marcas por sectores?,organización_uso_sectores
¿Hay reglamentos de la marca país Esencial Costa Rica?,organización_generales_legal
¿Hay restricciones para el uso de marca país?,licenciamiento_generales_restricciones
¿Hay una lista de evaluadores?,licenciamiento_licenciarse_quienes-evaluan
¿Hay una marca sectorial?,organización_uso_sectores
¿La marca es del pueblo?,organización_generales_politica
¿La marca país es de los costarricenses?,organización_generales_politica
¿la Marca país puede cambiar con el paso de los años?,organización_generales_politica
¿La puedo obtener aliándome con otra empresa?,licenciamiento_licenciarse_pasos-y-quien
¿Las asociaciones pueden usarlos?,licenciamiento_generales_para-quien
¿Las empresas que la tienen,licenciamiento_licenciarse_tipos
¿Las instituciones pueden usarla?,licenciamiento_generales_para-quien
¿Las ONGs pueden usarlas?,licenciamiento_generales_para-quien
¿Las personas tenemos acceso a la marca país?,licenciamiento_licenciarse_persona-fisica
¿Me ayuda a vender más?,licenciamiento_objetivo_beneficios
¿Me ayudan a vender más si obtengo la marca país? ,licenciamiento_objetivo_beneficios
¿Me da algón prestigio el tener la marca país? ,licenciamiento_objetivo_beneficios
¿Me da algún prestigio el tener la marca país? ,licenciamiento_objetivo_beneficios
¿Me puede recomendar un evaluador?,licenciamiento_licenciarse_quienes-evaluan
¿Me puedo licenciar como persona?,licenciamiento_licenciarse_persona-fisica
¿Mi empresa califica para usar la marca país?,licenciamiento_licenciarse_pasos-y-quien
¿Mi sector está representado?,organización_uso_sectores
¿Para qué licenciarme?,licenciamiento_objetivo_por-que
¿Para qué se usa?,licenciamiento_objetivo_usos
¿Para qué sirve?,licenciamiento_objetivo_beneficios
¿Por cuál tipo de empresas puede ser utilizada la licencia de la marca país Esencial Costa Rica?,licenciamiento_generales_para-quien
¿Por Cuánto tiempo la puedo usar?,licenciamiento_generales_vigencia
¿Por cuél tipo de empresas puede ser utilizada la licencia de la marca país Esencial Costa Rica?,licenciamiento_generales_para-quien
¿Por qué hay que certificarse?,licenciamiento_objetivo_por-que
¿Por qué hay que licenciarse?,licenciamiento_objetivo_por-que
¿Por qué hicieron un proceso de certificación?,licenciamiento_objetivo_por-que
¿Por qué hicieron un proceso de licenciamiento?,licenciamiento_objetivo_por-que
¿Por qué no es una certificación?,licenciamiento_generales_vs-certificacion
¿Por qué razón hay que certificarse?,licenciamiento_objetivo_por-que
¿Porque deber¿a licenciarme con la marca país esencial Costa Rica?,licenciamiento_objetivo_usos
¿Porque las empresas que comercialicen armas no pueden tener la marca país?,licenciamiento_generales_restricciones
¿Porque las empresas que comercialicen licor no pueden tener la marca país?,licenciamiento_generales_restricciones
¿Porque las empresas que comercialicen tabaco no pueden tener la marca país?,licenciamiento_generales_restricciones
¿Porque las empresas que cuya operación no Está en Costa Rica,licenciamiento_generales_restricciones
¿Porque las empresas que cuya operación no esté en Costa Rica,licenciamiento_generales_restricciones
¿Puede ser solicitada a título personal?,licenciamiento_generales_para-quien
¿Puede ser usada por personas?,licenciamiento_generales_para-quien
¿Puedo diferenciarme con la marca país?,licenciamiento_objetivo_beneficios
¿Puedo hacer más negocios con la marca país?,licenciamiento_objetivo_beneficios
¿Puedo imprimir la marca en mi empaque?,licenciamiento_licenciarse_tipos
¿Puedo licenciar un personaje?,licenciamiento_licenciarse_persona-fisica
¿Puedo licenciarme como persona?,licenciamiento_licenciarse_persona-fisica
¿Puedo participar en eventos de marca país si la obtengo?,licenciamiento_objetivo_beneficios
¿Puedo poner la marca en un producto?,licenciamiento_licenciarse_tipos
¿Puedo ponerla en el empaque de mi producto?,licenciamiento_licenciarse_tipos
¿Puedo tener beneficios de marketing?,licenciamiento_objetivo_beneficios
¿Puedo tener exposición de mercadeo?,licenciamiento_objetivo_beneficios
¿Puedo usar la marca en un evento?,licenciamiento_licenciarse_licenciar-evento
¿Puedo usar la marca para mi publicidad?,licenciamiento_licenciarse_tipos
¿Puedo usarla en un evento?,licenciamiento_licenciarse_tipos
¿Qué actividades econ¿micas debe realizar la empresa?,licenciamiento_generales_para-quien
¿Qué actividades económicas debe realizar la empresa?,licenciamiento_generales_para-quien
¿Qué áreas promueve la marca país Esencial Costa Rica?,organización_uso_sectores
¿Qué beneficio le trae la marca país a mi empresa?,licenciamiento_objetivo_beneficios
¿Qué beneficio le trae la marca país a mi organización?,licenciamiento_objetivo_beneficios
¿Qué compa¿¿as Están usando la marca país?,licenciamiento_empresasactuales_cuales-hay
¿Qué compañ¿as están usando la marca país?,licenciamiento_empresasactuales_cuales-hay
¿Qué cosas revisan los evaluadores?,licenciamiento_licenciarse_que-se-evalua
¿Qué debo conocer para ser evaluador?,licenciamiento_evaluador_como-ser
¿Qué debo cumplir para ofrecer los servicios de evaluación? ,licenciamiento_evaluador_como-ser
¿Qué debo hacer para certificarme? ,licenciamiento_licenciarse_requisitos
¿Qué debo hacer para convertirme en auditor de marca país?,licenciamiento_evaluador_como-ser
¿Qué debo hacer para convertirme en evaluador de marca país?,licenciamiento_evaluador_como-ser
¿Qué debo hacer para tener la licencia?,licenciamiento_licenciarse_pasos-y-quien
¿Qué debo hacer para tener la marca país Esencial Costa Rica?,licenciamiento_licenciarse_requisitos
¿Qué debo hacer para usar la marca en un seminario?,licenciamiento_licenciarse_licenciar-evento
¿Qué debo presentar para usar la marca país?,licenciamiento_licenciarse_requisitos
¿Qué es CINDE?,organización_comiteMP_que-es-cinde
¿Qué es COMEX?,organización_comiteMP_que-es-comex
¿Qué es el comité de marca país Esencial Costa Rica?,organización_generales_estructura
¿Qué es el comité de marca país Esencial Costa Rica? ,organización_generales_estructura
¿Qué es el comité técnico de marca país Esencial Costa Rica?,organización_comiteTecnico_funciones
¿Qué es el ICT?,organización_comiteMP_que-es-ICT
¿Qué es el ministerio de comercio exterior?,organización_comiteMP_que-es-comex
¿Qué es el MREE?,organización_comiteMP_que-es-MREE
¿Qué es excelencia?,licenciamiento_generales_que-es-excelencia
¿Qué es innovación?,licenciamiento_generales_que-es-innovacion
¿Qué es Instituto Costarricense de Turismo?,organización_comiteMP_que-es-ICT
¿Qué es Instituto Ministerio de Relaciones Exteriores y Culto?,organización_comiteMP_que-es-MREE
¿Qué es la coalición de iniciativas para el desarrollo?,organización_comiteMP_que-es-cinde
¿Qué es la promotora de comercio exterior?,organización_comiteMP_que-es-procomer
¿Qué es origen costarricense?,licenciamiento_generales_que-es-origen
¿Qué es PROCOMER?,organización_comiteMP_que-es-procomer
¿Qué es sostenibilidad?,licenciamiento_generales_que-es-sostenibilidad
¿Qué es una licencia para uso corporativo?,licenciamiento_licenciarse_tipos
¿Qué es una licencia?,licenciamiento_generales_vs-certificacion
¿Qué es una unidad técnica de marca país Esencial Costa Rica?,organización_comiteTecnico_funciones
¿Qué establece el decreto de creación de la marca país Esencial Costa Rica?,organización_generales_legal
¿Qué funciones tiene ICT como unidad ejecutora de la marca país Esencial Costa Rica?,organización_administradores_funciones
¿Qué funciones tiene Procomer como unidad ejecutora de la marca país Esencial Costa Rica?,organización_administradores_funciones
¿Qué funciones tiene Procomer con la marca país Esencial Costa Rica?,organización_administradores_funciones
¿Qué gana mi empresa al licenciarse Marca país?,licenciamiento_objetivo_beneficios
¿Qué ganancia me deja tener la marca país?,licenciamiento_objetivo_beneficios
¿Qué gano con tener la marca país?,licenciamiento_objetivo_beneficios
¿Qué hace cada institución?,organización_comiteMP_quienes
¿Que hace CINDE?,organización_comiteMP_que-es-cinde
¿Qué hace COMEX?,organización_comiteMP_que-es-comex
¿Qué hace el ICT?,organización_comiteMP_que-es-ICT
¿Qué hace el MREE?,organización_comiteMP_que-es-MREE
¿Que hace PROCOMER?,organización_comiteMP_que-es-procomer
¿Qué hacen las instituciones que conforman el comité de marca país?,organización_generales_contactos
¿Qué hacen las instituciones que conforman el comité de marca país?,organización_comiteMP_quienes
¿Qué hacen quienes conforman el comité de marca país Esencial Costa Rica?,organización_comiteMP_quienes
¿Qué hacen quienes integran el comité de marca país Esencial Costa Rica?,organización_comiteMP_quienes
¿Qué me califican?,licenciamiento_licenciarse_que-se-evalua
¿Qué me dan a cambio de licenciarme?,licenciamiento_objetivo_beneficios
¿Qué me examinan?,licenciamiento_licenciarse_que-se-evalua
¿Qué me ofrecen si obtengo la marca país esencial COSTA RICA?,licenciamiento_objetivo_beneficios
¿Qué me permite lograr la marca país?,licenciamiento_objetivo_usos
¿Que necesito cumplir para trabajar como evaluador?,licenciamiento_evaluador_como-ser
¿Que necesito para aplicar por la marca país?,licenciamiento_licenciarse_requisitos
¿Qué necesito para tener la marca país?,licenciamiento_licenciarse_requisitos
¿Que necesito tener para ser evaluador?,licenciamiento_evaluador_como-ser
¿Que necesito tener para tener la marca país?,licenciamiento_licenciarse_requisitos
¿Qué obtengo en concreto?,licenciamiento_objetivo_beneficios
¿Qué obtengo en t¿rminos de negocios?,licenciamiento_objetivo_beneficios
¿Qué obtengo en términos de negocios?,licenciamiento_objetivo_beneficios
¿Qué organizaciones la están utilizando?,licenciamiento_empresasactuales_cuales-hay
¿Qué pasa si cambia el gobierno?,organización_generales_politica
¿Qué productos usan la marca país?,licenciamiento_empresasactuales_cuales-hay
¿Qué puedo hacer con la marca país?,licenciamiento_licenciarse_tipos
¿Qué puedo lograr con la marca país?,licenciamiento_objetivo_usos
¿Qué quieren decir con excelencia?,licenciamiento_generales_que-es-excelencia
¿Qué quieren decir con innovación?,licenciamiento_generales_que-es-innovacion
¿Qué quieren decir con origen costarricense?,licenciamiento_generales_que-es-origen
¿Qué quieren decir con progreso social?,licenciamiento_generales_que-es-progresosocial
¿Qué quieren decir con sostenibilidad?,licenciamiento_generales_que-es-sostenibilidad
¿Qué razón hay para que uno tenga que licenciarse con una marca país?,licenciamiento_objetivo_por-que
¿Que recibo al certificarme?,licenciamiento_objetivo_beneficios
¿Qué requerimientos solicitan?,licenciamiento_licenciarse_requisitos
¿Qué requisitos me piden para ser evaluador de la marca país esencial Costa Rica?,licenciamiento_evaluador_como-ser
¿Qué requisitos se les piden a los evaluadores?,licenciamiento_evaluador_como-ser
¿Qué se evalúa? ,licenciamiento_licenciarse_que-se-evalua
¿Qué sectores promueve la marca país Esencial Costa Rica?,organización_uso_sectores
¿Qué significa excelencia?,licenciamiento_generales_que-es-excelencia
¿Qué significa innovación?,licenciamiento_generales_que-es-innovacion
¿Qué significa licencia?,licenciamiento_generales_vs-certificacion
¿Qué significa origen costarricense?,licenciamiento_generales_que-es-origen
¿Qué significa progreso social?,licenciamiento_generales_que-es-progresosocial
¿Qué significa sostenibilidad?,licenciamiento_generales_que-es-sostenibilidad
¿Qué tama¿o tengo que tener como empresa?,licenciamiento_generales_para-quien
¿Qué tamaño tengo que tener como empresa?,licenciamiento_generales_para-quien
¿Qué tiene que ver el gobierno?,organización_generales_politica
¿Qué tipos de licencias hay?,licenciamiento_licenciarse_tipos
¿Qué tr¿mite debo hacer para tenerla?,licenciamiento_licenciarse_requisitos
¿Qué trámite debo hacer para tenerla?,licenciamiento_licenciarse_requisitos
¿Qué van a evaluar en la empresa?,licenciamiento_licenciarse_que-se-evalua
¿Quien administra las embajadas de Costa Rica?,organización_comiteMP_que-es-MREE
¿Quién aporta el dinero?,organización_generales_presupuesto
¿Quién aprueba el plan de trabajo?,organización_comiteMP_funciones
¿Quién aprueba el presupuesto?,organización_generales_presupuesto
¿Quién aprueba las acciones?,organización_comiteMP_funciones
¿Quién autoriza el uso de la marca país?,licenciamiento_licenciarse_pasos-y-quien
¿Quién autoriza el uso de la marca?,organización_administradores_funciones
¿Quien coordina las acciones?,organización_comiteTecnico_funciones
¿Quién da la visión de la marca país Esencial Costa Rica?,organización_generales_estructura
¿Quién da la visión de la marca país Esencial Costa Rica?,organización_comiteMP_funciones
¿Quién da las directrices de la marca país Esencial Costa Rica?,organización_comiteMP_funciones
¿Quién da las directrices de la marca país Esencial Costa Rica?,organización_generales_estructura
¿Quién decide que ejecutar de la marca país Esencial Costa Rica?,organización_generales_estructura
¿Quién decide que ejecutar de la marca país Esencial Costa Rica?,organización_comiteMP_funciones
¿Quién decide sobre el diseño?,organización_generales_estructura
¿Quién decide?,organización_generales_estructura
¿Quién define la estrategia de la marca país Esencial Costa Rica?,organización_generales_estructura
¿Quién define las políticas de comercio exterior e inversión extranjera en Costa Rica?,organización_comiteMP_que-es-comex
¿Quién define los lineamientos para usar la marca?,organización_administradores_funciones
¿Quién define los procedimientos?,organización_comiteTecnico_funciones
¿Quién define los requisitos para usar la marca?,organización_administradores_funciones
¿Quién desarrolla las acciones de marca país Esencial Costa Rica?,organización_comiteTecnico_funciones
¿Quién determina los lineamientos para usar la marca?,organización_administradores_funciones
¿Quién determina los requisitos para otorgar la marca?,organización_administradores_funciones
¿Quién determina los requisitos para usar la marca?,organización_administradores_funciones
¿Quién dice cuáles son los requisitos?,organización_administradores_funciones
¿Quién es el dueño de la marca?,organización_generales_dueño
¿Quién es el encargado de otorgar la marca a una empresa?,licenciamiento_licenciarse_pasos-y-quien
¿Quién es el órgano responsable?,organización_generales_estructura
¿Quién es el responsable del registro de la marca?,organización_administradores_funciones
¿Quién es el responsable general de la marca país Esencial Costa Rica?,organización_generales_estructura
¿Quién es el titular y cotitular de la marca?,organización_generales_dueño
¿Quién es usted?,general_introducción_bienvenida
¿Quién Está certificado como evaluador?,licenciamiento_licenciarse_quienes-evaluan
¿Quién evaluar esencial COSTA RICA?,licenciamiento_licenciarse_quienes-evaluan
¿Quién fue el responsable del registro de la marca?,organización_administradores_funciones
¿Quién gasta en la marca país Esencial Costa Rica?,organización_generales_presupuesto
¿Quién hace el examen de mi empresa?,licenciamiento_licenciarse_quienes-evaluan
¿Quién hace los planes de trabajo?,organización_comiteTecnico_funciones
¿Quién imparte el curso de evaluadores?,licenciamiento_evaluador_como-ser
¿Quién imparte los cursos de evaluación?,licenciamiento_evaluador_como-ser
¿Quién invierte en la marca país Esencial Costa Rica?,organización_generales_presupuesto
¿Quien la da?,licenciamiento_licenciarse_pasos-y-quien
¿Quién la otorga?,licenciamiento_licenciarse_pasos-y-quien
¿Quién lidera los planes de trabajo?,organización_comiteTecnico_funciones
¿Quién me evalúa?,licenciamiento_licenciarse_quienes-evaluan
¿Quién me puede aclarar más dudas?,general_información_contactos
¿Quién me puede asesorar?,general_información_contactos
¿Quién me puede atender para una idea que tengo con Marca país Esencial Costa Rica?,organización_comiteMP_funciones
¿Quién me puede autorizar a usar la marca país Esencial Costa Rica?,licenciamiento_licenciarse_pasos-y-quien
¿Quién me puede ayudar con consultas específicas?,general_información_contactos
¿Quién me puede ayudar?,general_información_contactos
¿Quién me puede certificar?,licenciamiento_licenciarse_pasos-y-quien
¿Quién me puede guiar?,general_información_contactos
¿Quién monitorea la marca país Esencial Costa Rica?,organización_comiteTecnico_funciones
¿Quién monitoreo las estrategias?,organización_comiteTecnico_funciones
¿Quién otorga licencias?,organización_administradores_funciones
¿Quién paga por las acciones?,organización_generales_presupuesto
¿Quién paga por las tareas?,organización_generales_presupuesto
¿Quién promueve el turismo en Costa Rica?,organización_comiteMP_que-es-ICT
¿Quién promueve la inversión extranjera en Costa Rica?,organización_comiteMP_que-es-cinde
¿Quién promueve las exportaciones de Costa Rica?,organización_comiteMP_que-es-procomer
¿Quién propone las inversiones?,organización_comiteTecnico_funciones
¿Quién propone nuevas acciones?,organización_comiteTecnico_funciones
¿Quién puede darme la marca país? ,licenciamiento_licenciarse_pasos-y-quien
¿Quién puede permitir el uso de la marca?,organización_administradores_funciones
¿Quién puede quitar una licencia? ,organización_administradores_funciones
¿Quién revoca una licencia?,organización_administradores_funciones
¿Quién se encarga de las relaciones exteriores? ,organización_comiteMP_que-es-MREE
¿Quién tiene la plata?,organización_generales_presupuesto
¿Quién tiene la visión país?,organización_generales_estructura
¿Quién toma las decisiones estratégicas de la marca país Esencial Costa Rica?,organización_generales_estructura
¿Quiénes ejecutan acciones?,organización_comiteMP_quienes
¿Quiénes ejecutan las acciones de la marca país Esencial Costa Rica?,organización_comiteTecnico_funciones
¿Quiénes ejecutan las acciones de la marca país Esencial Costa Rica?,organización_comiteMP_quienes
¿Quiénes están detrás? ,organización_generales_estructura
¿Quiénes evalúan?,licenciamiento_licenciarse_quienes-evaluan
¿Quiénes la tienen?,licenciamiento_empresasactuales_cuales-hay
¿Quiénes no pueden tenerla?,licenciamiento_generales_restricciones
¿Quiénes representan a las instituciones en el comité de marca país Esencial Costa Rica?,organización_comiteMP_quienes
¿Quiénes se sientan en el comité de marca país Esencial Costa Rica?,organización_comiteMP_quienes
¿Quiénes son evaluadores?,licenciamiento_licenciarse_quienes-evaluan
¿Quiénes son las empresas que la usan?,licenciamiento_empresasactuales_cuales-hay
¿Quiénes son los evaluadores de marca país?,licenciamiento_licenciarse_quienes-evaluan
¿Quiénes son los usuarios de la marca país?,licenciamiento_empresasactuales_cuales-hay
¿Quiénes tienen prohibido usar la marca país?,licenciamiento_generales_restricciones
¿Quienes usan ya la marca país Esencial Costa Rica?,licenciamiento_empresasactuales_cuales-hay
¿Quiero hacer un proyecto conjunto con la marca país?,general_información_varios
¿Quiero saber de la marca país Esencial Costa Rica?,general_introducción_bienvenida
¿Se puede licenciar un evento?,licenciamiento_licenciarse_licenciar-evento
¿Se relaciona a algón partido político?,organización_generales_politica
¿Se relaciona a algún partido político?,organización_generales_politica
¿Se vence?,licenciamiento_generales_vigencia
¿Si hago una actividad,licenciamiento_licenciarse_licenciar-evento
¿Si inicio el proceso de certificación y por alguna razón no puedo continuar, se puede congelar lo invertido y continuar luego?
¿Si soy persona cómo me licencio?,licenciamiento_licenciarse_persona-fisica
¿Sólo empresas que exporten pueden tenerla?,licenciamiento_generales_para-quien
¿Solo las empresas de exportación la tienen?,licenciamiento_generales_para-quien
¿Sólo productos tangibles pueden tener la Marca país?,licenciamiento_generales_para-quien
¿Tiene algo que ver con algón partido político?,organización_generales_politica
¿Tiene algo que ver con algún partido político?,organización_generales_politica
¿Tiene un fee?,licenciamiento_licenciarse_costo
¿Tiene un vencimiento?,licenciamiento_generales_vigencia
¿Tiene una membrecía?,licenciamiento_licenciarse_costo
¿Trasciende gobiernos?,organización_generales_politica
¿Una persona física puede utilizar la marca país?,licenciamiento_licenciarse_persona-fisica
¿Una vez que la adquiero qué se necesita para mantenerla?,licenciamiento_generales_vigencia
a donde se registró?,organización_generales_registro
A quién le corresponde promover la marca?,organización_administradores_funciones
A quién me dirijo para platear un proyecto?,organización_administradores_funciones
A quién tengo que pedirle permiso para usar la marca?,organización_administradores_funciones
Beneficios y Pr¿ximas Activaciones,licenciamiento_objetivo_beneficios
Beneficios y Próximas Activaciones,licenciamiento_objetivo_beneficios
Como definen innovación en marca país,licenciamiento_generales_que-es-innovacion
como esta estructurada la marca pais,organización_generales_estructura
como licenciarse,licenciamiento_licenciarse_pasos-y-quien
como podria una pulperia licenciarse?,licenciamiento_licenciarse_pasos-y-quien
como podria yo licenciarme?,licenciamiento_licenciarse_persona-fisica
como puedo obternerla,licenciamiento_licenciarse_pasos-y-quien
como puedo saber si paso la certificación?,licenciamiento_licenciarse_pasos-y-quien
como saber si mi empresa es innovadora,licenciamiento_generales_que-es-innovacion
como se registró?,organización_generales_registro
Con Quién puedo contactar para licenciamiento,licenciamiento_licenciarse_quienes-evaluan
con quien puedo conversar,licenciamiento_licenciarse_quienes-evaluan
Con quien puedo preguntar más información,general_información_contactos
Con quien tengo que hablar para usar la marca?,organización_administradores_funciones
Cuál es el beneficio real para una empresa de obtener la Marca país?,licenciamiento_objetivo_beneficios
Cuál es la diferencia entre una licencia y una certificación?,licenciamiento_generales_vs-certificacion
Cuales empresas se pueden licenciar como marca país.,licenciamiento_generales_para-quien
Cuáles instituciones entregan la marca?,organización_administradores_funciones
Cualquier cosa,general_introducción_bienvenida
Cuando se registró la marca país Esencial Costa Rica?,organización_generales_registro
Cuánto cuesta,licenciamiento_licenciarse_costo
cuanto tiempo puedo tener la marca país,licenciamiento_generales_vigencia
Cuél es la diferencia entre una licencia y una certificación?,licenciamiento_generales_vs-certificacion
D¿game algo,general_introducción_bienvenida
D¿game cualquier cosa,general_introducción_bienvenida
Deseo ser evaluador,licenciamiento_evaluador_como-ser
digame los pasos,licenciamiento_licenciarse_pasos-y-quien
donde se registró la marca?,organización_generales_registro
En cuantos países esta registrada la marca país Esencial Costa Rica?,organización_generales_registro
En que consiste la evaluación?,licenciamiento_licenciarse_que-se-evalua
es necessario un acompañamiento?,licenciamiento_licenciarse_quienes-evaluan
es posible licenciarse en el extranjero?,licenciamiento_generales_restricciones
es una marca registrada?,organización_generales_registro
Esta inscrita la marca país Esencial Costa Rica?,organización_generales_registro
Está registrada la marca país Esencial Costa Rica?,organización_generales_registro
ganancias de certificarse,licenciamiento_objetivo_beneficios
Hable ,general_introducción_bienvenida
hay gente que ya la usa?,licenciamiento_empresasactuales_cuales-hay
Hola ,general_introducción_bienvenida
Información general,general_introducción_bienvenida
las empresas del estado se pueden licenciar?,licenciamiento_generales_para-quien
Lista de empresas ,licenciamiento_empresasactuales_cuales-hay
lista de evaluadores,licenciamiento_licenciarse_quienes-evaluan
Lista de exportadores que la usan,licenciamiento_empresasactuales_cuales-hay
Listan de usuarios de la marca país,licenciamiento_empresasactuales_cuales-hay
multinacional se puede licenciar?,licenciamiento_generales_para-quien
Necesito mas información,general_información_contactos
Necesito más información,general_introducción_bienvenida
Necesito más información específica,general_introducción_bienvenida
Necesito más información específica,general_información_contactos
necesito que me visiten,general_información_contactos
ónecesito una consulta específica,general_información_contactos
para que hicieron una certificación?,licenciamiento_objetivo_por-que
para que la estan usando?,licenciamiento_licenciarse_tipos
para que licenciarse,licenciamiento_objetivo_por-que
porque licenciarse,licenciamiento_objetivo_por-que
procomer puede ayudarme a exportar?,organización_comiteMP_que-es-procomer
puedo licenciarme como persona física?,licenciamiento_licenciarse_persona-fisica
Que beneficios trae al país a las empresas el tener la Marca país?,licenciamiento_objetivo_beneficios
que debo presentar?,licenciamiento_licenciarse_requisitos
Que es lo que miden los evaluadores?,licenciamiento_licenciarse_que-se-evalua
Qué es Progreso social?,licenciamiento_generales_que-es-progresosocial
que gano con portar la marca?,licenciamiento_objetivo_beneficios
que gano con tener una marca},licenciamiento_objetivo_beneficios
que hace el ministerio en la marca país,organización_comiteMP_que-es-comex
Qué sectores cubre la marca país Esencial Costa Rica,organización_uso_sectores
Quién autoriza el uso de la marca?,organización_administradores_funciones
Quién define los lineamientos para usar la marca?,organización_administradores_funciones
Quién define los requisitos para usar la marca?,organización_administradores_funciones
Quien define los requisitos?,organización_administradores_funciones
Quién determina los lineamientos para usar la marca?,organización_administradores_funciones
Quién determina los requisitos para otorgar la marca?,organización_administradores_funciones
Quién determina los requisitos para usar la marca?,organización_administradores_funciones
quien es el jefe,organización_generales_estructura
quien es el quien me evalua?,licenciamiento_licenciarse_quienes-evaluan
quien lidera la marca,organización_generales_estructura
quien lidera la marca pais,organización_generales_estructura
quien me puede ayudar a certificarme,licenciamiento_licenciarse_quienes-evaluan
quien me puede ayudar con la certificación esecial,licenciamiento_licenciarse_quienes-evaluan
quien me puede explicar más de la marca y sus beneficios?,licenciamiento_objetivo_beneficios
Quién otorga licencias?,organización_administradores_funciones
Quién puede permitir el uso de la marca?,organización_administradores_funciones
Quién puede quitar una licencia?,organización_administradores_funciones
Quien registró la marca país Esencial Costa Rica?,organización_generales_registro
Quién revoca una licencia?,organización_administradores_funciones
quienes estan detras de esto,organización_comiteMP_quienes
Quienes no podrán usar la marca país esencial Costa Rica,licenciamiento_generales_restricciones
Quienes no podrón usar la marca país esencial Costa Rica,licenciamiento_generales_restricciones
Quiero ayudar a la marca país,general_información_varios
Quiero información,general_introducción_bienvenida
Quiero saber dónde puedo preguntar para licenciarme marca país,licenciamiento_licenciarse_pasos-y-quien
Quisiera conocer si es posible realizar campa¿as en conjunto,general_información_varios
Quisiera conocer si es posible realizar campañas en conjunto,general_información_varios
quisiera tener la marca para mi empresa,licenciamiento_licenciarse_pasos-y-quien
requisitos?,licenciamiento_licenciarse_requisitos
se puede hacer publicidad con la marca?,licenciamiento_licenciarse_tipos
se revisan temas ambientales?,licenciamiento_licenciarse_que-se-evalua
si me licencio que obtengo de todo el esfuerzo?,licenciamiento_objetivo_beneficios
Una persona puede usar la marca país?,licenciamiento_licenciarse_persona-fisica
Una persona puede usar la marca país,licenciamiento_licenciarse_persona-fisica
